<!-- This file has been generated by the BlackBerry Plugin for Eclipse v3.6.0. -->

<Properties ModelVersion="1.1.2">
  <General Title="Glaze" Version="1.0" Vendor="BlackBerry Developer" Description=""/>
  <Application Type="Library" MainMIDletName="" MainArgs="" HomeScreenPosition="0" StartupTier="7" IsSystemModule="true" IsAutostartup="false"/>
  <Resources hasTitleResource="false" TitleResourceBundleName="" TitleResourceBundleRelativePath="" TitleResourceBundleClassName="" TitleResourceBundleKey="" DescriptionId="">
    <Icons/>
  </Resources>
  <Compile OutputCompilerMessages="false" ConvertImages="true" CreateWarningForNoExportedRoutine="true" CompressResources="false" AliasList="">
    <PreprocessorDefines/>
  </Compile>
  <Packaging PreBuildStep="" PostBuildStep="" CleanStep="" OutputFileName="glaze" OutputFolder="deliverables" GenerateALXFile="true">
    <AlxFiles/>
  </Packaging>
  <HiddenProperties>
    <ClassProtection/>
    <PackageProtection/>
  </HiddenProperties>
  <AlternateEntryPoints/>
</Properties>